{
    "InvalidValueChecker_500_f38d6355b8320289ed9febc48f5d3bc5444414c8": {
        "file_path": "InvalidValueChecker_500_1.replay.txt"
    },
    "main_driver_500_62009526b0b8587557fcc55ab232f09886b0b8b8": {
        "file_path": "main_driver_500_1.replay.txt"
    },
    "main_driver_500_c153c0a26e1fb8a0bee15dd66f3e6927b23dc319": {
        "file_path": "main_driver_500_2.replay.txt"
    },
    "main_driver_500_3fca96768c5d3836d81802b63013d52db4a50a4d": {
        "file_path": "main_driver_500_3.replay.txt"
    },
    "main_driver_500_956c4882d581582c9917bbee75e40ce92ce63f19": {
        "file_path": "main_driver_500_4.replay.txt"
    },
    "main_driver_500_938792c4ca541c50a6aa098668756bd51bc94907": {
        "file_path": "main_driver_500_5.replay.txt"
    },
    "main_driver_500_c101e9ca5d81f1e313374c4ea6d2e6e933e0cb1b": {
        "file_path": "main_driver_500_6.replay.txt"
    },
    "main_driver_500_9b554119bf9d7a5d63ea810b618d62a70e64afdc": {
        "file_path": "main_driver_500_7.replay.txt"
    },
    "main_driver_500_8e3af09466f6df2559b796ac0c0c2041aca7feea": {
        "file_path": "main_driver_500_8.replay.txt"
    }
}