{"bugs":[{
    "filepath": "InvalidValueChecker_500_1.json",
    "reproducible": true,
    "checker_name": "InvalidValueChecker",
    "error_code": "500"},{
    "filepath": "main_driver_500_1.json",
    "reproducible": false,
    "checker_name": "main_driver",
    "error_code": "500"},{
    "filepath": "main_driver_500_2.json",
    "reproducible": false,
    "checker_name": "main_driver",
    "error_code": "500"},{
    "filepath": "main_driver_500_3.json",
    "reproducible": false,
    "checker_name": "main_driver",
    "error_code": "500"},{
    "filepath": "main_driver_500_4.json",
    "reproducible": false,
    "checker_name": "main_driver",
    "error_code": "500"},{
    "filepath": "main_driver_500_5.json",
    "reproducible": false,
    "checker_name": "main_driver",
    "error_code": "500"},{
    "filepath": "main_driver_500_6.json",
    "reproducible": false,
    "checker_name": "main_driver",
    "error_code": "500"},{
    "filepath": "main_driver_500_7.json",
    "reproducible": false,
    "checker_name": "main_driver",
    "error_code": "500"},{
    "filepath": "main_driver_500_8.json",
    "reproducible": false,
    "checker_name": "main_driver",
    "error_code": "500"}]}